"Title","Authors","Journal","Year"
" Attention mechanisms in computer vision: A survey","MH Guo, TX Xu, JJ Liu, ZN Liu, PT Jiang, TJ Mu - Computational visual , 2022 - Springer","Computational visual ¡¦","2022"
" Deep learning in optical metrology: a review","C Zuo, J Qian, S Feng, W Yin, Y Li, P Fan - Light: Science & , 2022 - nature.com","Light: Science & ¡¦","2022"
"YOLOv7: Trainable bag-of-freebies sets new state-of-the-art for real-time object detectors","CY Wang, A Bochkovskiy - Proceedings of the IEEE , 2023 - openaccess.thecvf.com","Proceedings of the IEEE ¡¦","2023"
"A convnet for the 2020s","Z Liu, H Mao, CY Wu, C Feichtenhofer - Proceedings of the , 2022 - openaccess.thecvf.com","Proceedings of the ¡¦","2022"
"Exploring plain vision transformer backbones for object detection","Y Li, H Mao, R Girshick, K He - European Conference on Computer Vision, 2022 - Springer","European Conference on Computer Vision","2022"
"Visual prompt tuning","M Jia, L Tang, BC Chen, C Cardie, S Belongie -  on Computer Vision, 2022 - Springer","¡¦ on Computer Vision","2022"
"Masked-attention mask transformer for universal image segmentation","B Cheng, I Misra, AG Schwing - Proceedings of the , 2022 - openaccess.thecvf.com","Proceedings of the ¡¦","2022"
"Coca: Contrastive captioners are image-text foundation models","J Yu, Z Wang, V Vasudevan, L Yeung - arXiv preprint arXiv , 2022 - arxiv.org","arXiv preprint arXiv ¡¦","2022"
"Scaling up your kernels to 31x31: Revisiting large kernel design in cnns","X Ding, X Zhang, J Han, G Ding - Proceedings of the IEEE , 2022 - openaccess.thecvf.com","Proceedings of the IEEE ¡¦","2022"
"Conditional prompt learning for vision-language models","K Zhou, J Yang, CC Loy, Z Liu - Proceedings of the IEEE , 2022 - openaccess.thecvf.com","Proceedings of the IEEE ¡¦","2022"
"Swin transformer v2: Scaling up capacity and resolution","Z Liu, H Hu, Y Lin, Z Yao, Z Xie, Y Wei - Proceedings of the , 2022 - openaccess.thecvf.com","Proceedings of the ¡¦","2022"
"Masked autoencoders are scalable vision learners","K He, X Chen, S Xie, Y Li, P Dollár - Proceedings of the , 2022 - openaccess.thecvf.com","Proceedings of the ¡¦","2022"
"Scalable diffusion models with transformers","W Peebles, S Xie - Proceedings of the IEEE/CVF , 2023 - openaccess.thecvf.com","Proceedings of the IEEE/CVF ¡¦","2023"
"Bevformer: Learning bird's-eye-view representation from multi-camera images via spatiotemporal transformers","Z Li, W Wang, H Li, E Xie, C Sima, T Lu, Y Qiao - European conference on , 2022 - Springer","European conference on ¡¦","2022"
"Masked feature prediction for self-supervised visual pre-training","C Wei, H Fan, S Xie, CY Wu, A Yuille - Proceedings of the , 2022 - openaccess.thecvf.com","Proceedings of the ¡¦","2022"
"A generalist agent","S Reed, K Zolna, E Parisotto, SG Colmenarejo - arXiv preprint arXiv , 2022 - arxiv.org","arXiv preprint arXiv ¡¦","2022"
"Segment anything","A Kirillov, E Mintun, N Ravi, H Mao, C Rolland - arXiv preprint arXiv , 2023 - arxiv.org","arXiv preprint arXiv ¡¦","2023"
"Grounded language-image pre-training","LH Li, P Zhang, H Zhang, J Yang, C Li - Proceedings of the , 2022 - openaccess.thecvf.com","Proceedings of the ¡¦","2022"
"Simple baselines for image restoration","L Chen, X Chu, X Zhang, J Sun - European Conference on Computer , 2022 - Springer","European Conference on Computer ¡¦","2022"
"Mvitv2: Improved multiscale vision transformers for classification and detection","Y Li, CY Wu, H Fan, K Mangalam - Proceedings of the , 2022 - openaccess.thecvf.com","Proceedings of the ¡¦","2022"
"Metaformer is actually what you need for vision","W Yu, M Luo, P Zhou, C Si, Y Zhou - Proceedings of the , 2022 - openaccess.thecvf.com","Proceedings of the ¡¦","2022"
"Learning to prompt for vision-language models","K Zhou, J Yang, CC Loy, Z Liu - International Journal of Computer Vision, 2022 - Springer","International Journal of Computer Vision","2022"
"Inception transformer","C Si, W Yu, P Zhou, Y Zhou - Advances in Neural , 2022 - proceedings.neurips.cc","Advances in Neural ¡¦","2022"
" Visual attention network","MH Guo, CZ Lu, ZN Liu, MM Cheng, SM Hu - Computational Visual Media, 2023 - Springer","Computational Visual Media","2023"
"TPH-YOLOv5: Improved YOLOv5 based on transformer prediction head for object detection on drone-captured scenarios","X Zhu, S Lyu, X Wang, Q Zhao - Proceedings of the IEEE , 2021 - openaccess.thecvf.com","Proceedings of the IEEE ¡¦","2021"
"Clip-adapter: Better vision-language models with feature adapters","P Gao, S Geng, R Zhang, T Ma, R Fang - International Journal of , 2023 - Springer","International Journal of ¡¦","2023"
"On the opportunities and risks of foundation models","R Bommasani, DA Hudson, E Adeli, R Altman - arXiv preprint arXiv , 2021 - arxiv.org","arXiv preprint arXiv ¡¦","2021"
"Petr: Position embedding transformation for multi-view 3d object detection","Y Liu, T Wang, X Zhang, J Sun - European Conference on Computer , 2022 - Springer","European Conference on Computer ¡¦","2022"
"Decoupled knowledge distillation","B Zhao, Q Cui, R Song, Y Qiu - Proceedings of the IEEE , 2022 - openaccess.thecvf.com","Proceedings of the IEEE ¡¦","2022"
"Bevdepth: Acquisition of reliable depth for multi-view 3d object detection","Y Li, Z Ge, G Yu, J Yang, Z Wang, Y Shi - Proceedings of the AAAI , 2023 - ojs.aaai.org","Proceedings of the AAAI ¡¦","2023"
"Flexmatch: Boosting semi-supervised learning with curriculum pseudo labeling","B Zhang, Y Wang, W Hou, H Wu - Advances in , 2021 - proceedings.neurips.cc","Advances in ¡¦","2021"
"Dino: Detr with improved denoising anchor boxes for end-to-end object detection","H Zhang, F Li, S Liu, L Zhang, H Su, J Zhu - arXiv preprint arXiv , 2022 - arxiv.org","arXiv preprint arXiv ¡¦","2022"
"Lit: Zero-shot transfer with locked-image text tuning","X Zhai, X Wang, B Mustafa, A Steiner - Proceedings of the , 2022 - openaccess.thecvf.com","Proceedings of the ¡¦","2022"
"Detecting twenty-thousand classes using image-level supervision","X Zhou, R Girdhar, A Joulin, P Krähenbühl - European Conference on , 2022 - Springer","European Conference on ¡¦","2022"
"Eva: Exploring the limits of masked visual representation learning at scale","Y Fang, W Wang, B Xie, Q Sun, L Wu - Proceedings of the , 2023 - openaccess.thecvf.com","Proceedings of the ¡¦","2023"
" Cellpose 2.0: how to train your own model","M Pachitariu, C Stringer - Nature methods, 2022 - nature.com","Nature methods","2022"
"Deep long-tailed learning: A survey","Y Zhang, B Kang, B Hooi, S Yan - IEEE Transactions on , 2023 - ieeexplore.ieee.org","IEEE Transactions on ¡¦","2023"
"Segnext: Rethinking convolutional attention design for semantic segmentation","MH Guo, CZ Lu, Q Hou, Z Liu - Advances in Neural , 2022 - proceedings.neurips.cc","Advances in Neural ¡¦","2022"
"Dn-detr: Accelerate detr training by introducing query denoising","F Li, H Zhang, S Liu, J Guo, LM Ni - Proceedings of the , 2022 - openaccess.thecvf.com","Proceedings of the ¡¦","2022"
"YOLOv6: A single-stage object detection framework for industrial applications","C Li, L Li, H Jiang, K Weng, Y Geng, L Li, Z Ke - arXiv preprint arXiv , 2022 - arxiv.org","arXiv preprint arXiv ¡¦","2022"
"Yolox: Exceeding yolo series in 2021","Z Ge, S Liu, F Wang, Z Li, J Sun - arXiv preprint arXiv:2107.08430, 2021 - arxiv.org","arXiv preprint arXiv:2107.08430","2021"
" Highly accurate protein structure prediction with AlphaFold","J Jumper, R Evans, A Pritzel, T Green, M Figurnov - Nature, 2021 - nature.com","Nature","2021"
"Per-pixel classification is not all you need for semantic segmentation","B Cheng, A Schwing, A Kirillov - Advances in Neural , 2021 - proceedings.neurips.cc","Advances in Neural ¡¦","2021"
"Ego4d: Around the world in 3,000 hours of egocentric video","K Grauman, A Westbury, E Byrne - Proceedings of the , 2022 - openaccess.thecvf.com","Proceedings of the ¡¦","2022"
"Early convolutions help transformers see better","T Xiao, M Singh, E Mintun, T Darrell - Advances in neural , 2021 - proceedings.neurips.cc","Advances in neural ¡¦","2021"
"Internimage: Exploring large-scale vision foundation models with deformable convolutions","W Wang, J Dai, Z Chen, Z Huang, Z Li - Proceedings of the , 2023 - openaccess.thecvf.com","Proceedings of the ¡¦","2023"
"Denseclip: Language-guided dense prediction with context-aware prompting","Y Rao, W Zhao, G Chen, Y Tang - Proceedings of the , 2022 - openaccess.thecvf.com","Proceedings of the ¡¦","2022"
" Pvt v2: Improved baselines with pyramid vision transformer","W Wang, E Xie, X Li, DP Fan, K Song, D Liang - Computational Visual , 2022 - Springer","Computational Visual ¡¦","2022"
"Video swin transformer","Z Liu, J Ning, Y Cao, Y Wei, Z Zhang - Proceedings of the , 2022 - openaccess.thecvf.com","Proceedings of the ¡¦","2022"
"Maxvit: Multi-axis vision transformer","Z Tu, H Talebi, H Zhang, F Yang, P Milanfar - European conference on , 2022 - Springer","European conference on ¡¦","2022"
"Null-text inversion for editing real images using guided diffusion models","R Mokady, A Hertz, K Aberman - Proceedings of the , 2023 - openaccess.thecvf.com","Proceedings of the ¡¦","2023"
"Coatnet: Marrying convolution and attention for all data sizes","Z Dai, H Liu, QV Le, M Tan - Advances in neural information , 2021 - proceedings.neurips.cc","Advances in neural information ¡¦","2021"
" A compute-in-memory chip based on resistive random-access memory","W Wan, R Kubendran, C Schaefer, SB Eryilmaz - Nature, 2022 - nature.com","Nature","2022"
"Cswin transformer: A general vision transformer backbone with cross-shaped windows","X Dong, J Bao, D Chen, W Zhang - Proceedings of the , 2022 - openaccess.thecvf.com","Proceedings of the ¡¦","2022"
"Uformer: A general u-shaped transformer for image restoration","Z Wang, X Cun, J Bao, W Zhou - Proceedings of the , 2022 - openaccess.thecvf.com","Proceedings of the ¡¦","2022"
"Scaling vision transformers","X Zhai, A Kolesnikov, N Houlsby - Proceedings of the , 2022 - openaccess.thecvf.com","Proceedings of the ¡¦","2022"
"SegFormer: Simple and efficient design for semantic segmentation with transformers","E Xie, W Wang, Z Yu, A Anandkumar - Advances in , 2021 - proceedings.neurips.cc","Advances in ¡¦","2021"
"Tabular data: Deep learning is not all you need","R Shwartz-Ziv, A Armon - Information Fusion, 2022 - Elsevier","Information Fusion","2022"
" A survey of transformers","T Lin, Y Wang, X Liu, X Qiu - AI Open, 2022 - Elsevier","AI Open","2022"
"Petrv2: A unified framework for 3d perception from multi-camera images","Y Liu, J Yan, F Jia, S Li, A Gao - Proceedings of the , 2023 - openaccess.thecvf.com","Proceedings of the ¡¦","2023"
"React: Out-of-distribution detection with rectified activations","Y Sun, C Guo, Y Li - Advances in Neural Information , 2021 - proceedings.neurips.cc","Advances in Neural Information ¡¦","2021"
"Masked siamese networks for label-efficient learning","M Assran, M Caron, I Misra, P Bojanowski -  on Computer Vision, 2022 - Springer","¡¦ on Computer Vision","2022"
" Deep learning: a comprehensive overview on techniques, taxonomy, applications and research directions","IH Sarker - SN Computer Science, 2021 - Springer","SN Computer Science","2021"
" The medical segmentation decathlon","M Antonelli, A Reinke, S Bakas, K Farahani - Nature , 2022 - nature.com","Nature ¡¦","2022"
"Deepfusion: Lidar-camera deep fusion for multi-modal 3d object detection","Y Li, AW Yu, T Meng, B Caine - Proceedings of the , 2022 - openaccess.thecvf.com","Proceedings of the ¡¦","2022"
"Pointnext: Revisiting pointnet++ with improved training and scaling strategies","G Qian, Y Li, H Peng, J Mai - Advances in , 2022 - proceedings.neurips.cc","Advances in ¡¦","2022"
"Video pretraining (vpt): Learning to act by watching unlabeled online videos","B Baker, I Akkaya, P Zhokov - Advances in , 2022 - proceedings.neurips.cc","Advances in ¡¦","2022"
"Conditional detr for fast training convergence","D Meng, X Chen, Z Fan, G Zeng, H Li - Proceedings of the , 2021 - openaccess.thecvf.com","Proceedings of the ¡¦","2021"
"Mlp-mixer: An all-mlp architecture for vision","IO Tolstikhin, N Houlsby, A Kolesnikov - Advances in neural , 2021 - proceedings.neurips.cc","Advances in neural ¡¦","2021"
"Vision transformer with deformable attention","Z Xia, X Pan, S Song, LE Li - Proceedings of the IEEE , 2022 - openaccess.thecvf.com","Proceedings of the IEEE ¡¦","2022"
"Emerging properties in self-supervised vision transformers","M Caron, H Touvron, I Misra, H Jégou - Proceedings of the , 2021 - openaccess.thecvf.com","Proceedings of the ¡¦","2021"
"Regionclip: Region-based language-image pretraining","Y Zhong, J Yang, P Zhang, C Li - Proceedings of the , 2022 - openaccess.thecvf.com","Proceedings of the ¡¦","2022"
"Intriguing properties of vision transformers","MM Naseer, K Ranasinghe, SH Khan - Advances in , 2021 - proceedings.neurips.cc","Advances in ¡¦","2021"
"Simvlm: Simple visual language model pretraining with weak supervision","Z Wang, J Yu, AW Yu, Z Dai, Y Tsvetkov - arXiv preprint arXiv , 2021 - arxiv.org","arXiv preprint arXiv ¡¦","2021"
"Vicreg: Variance-invariance-covariance regularization for self-supervised learning","A Bardes, J Ponce, Y LeCun - arXiv preprint arXiv:2105.04906, 2021 - arxiv.org","arXiv preprint arXiv:2105.04906","2021"
"Twins: Revisiting the design of spatial attention in vision transformers","X Chu, Z Tian, Y Wang, B Zhang - Advances in , 2021 - proceedings.neurips.cc","Advances in ¡¦","2021"
"Oriented R-CNN for object detection","X Xie, G Cheng, J Wang, X Yao - Proceedings of the IEEE , 2021 - openaccess.thecvf.com","Proceedings of the IEEE ¡¦","2021"
"Diffusiondet: Diffusion model for object detection","S Chen, P Sun, Y Song, P Luo - Proceedings of the IEEE , 2023 - openaccess.thecvf.com","Proceedings of the IEEE ¡¦","2023"
"Transformers in medical imaging: A survey","F Shamshad, S Khan, SW Zamir, MH Khan - Medical Image , 2023 - Elsevier","Medical Image ¡¦","2023"
"Pay attention to mlps","H Liu, Z Dai, D So, QV Le - Advances in Neural Information , 2021 - proceedings.neurips.cc","Advances in Neural Information ¡¦","2021"
"Winoground: Probing vision and language models for visio-linguistic compositionality","T Thrush, R Jiang, M Bartolo, A Singh - Proceedings of the , 2022 - openaccess.thecvf.com","Proceedings of the ¡¦","2022"
"Cmt: Convolutional neural networks meet vision transformers","J Guo, K Han, H Wu, Y Tang, X Chen - Proceedings of the , 2022 - openaccess.thecvf.com","Proceedings of the ¡¦","2022"
"Robust fine-tuning of zero-shot models","M Wortsman, G Ilharco, JW Kim, M Li - Proceedings of the , 2022 - openaccess.thecvf.com","Proceedings of the ¡¦","2022"
"Simple open-vocabulary object detection","M Minderer, A Gritsenko, A Stone, M Neumann -  on Computer Vision, 2022 - Springer","¡¦ on Computer Vision","2022"
"Mdetr-modulated detection for end-to-end multi-modal understanding","A Kamath, M Singh, Y LeCun - Proceedings of the , 2021 - openaccess.thecvf.com","Proceedings of the ¡¦","2021"
"Multiscale vision transformers","H Fan, B Xiong, K Mangalam, Y Li - Proceedings of the , 2021 - openaccess.thecvf.com","Proceedings of the ¡¦","2021"
"End-to-end semi-supervised object detection with soft teacher","M Xu, Z Zhang, H Hu, J Wang, L Wang - Proceedings of the , 2021 - openaccess.thecvf.com","Proceedings of the ¡¦","2021"
"Maskgit: Masked generative image transformer","H Chang, H Zhang, L Jiang, C Liu - Proceedings of the , 2022 - openaccess.thecvf.com","Proceedings of the ¡¦","2022"
"Efficientnetv2: Smaller models and faster training","M Tan, Q Le - International conference on machine learning, 2021 - proceedings.mlr.press","International conference on machine learning","2021"
"Daformer: Improving network architectures and training strategies for domain-adaptive semantic segmentation","L Hoyer, D Dai, L Van Gool - Proceedings of the IEEE/CVF , 2022 - openaccess.thecvf.com","Proceedings of the IEEE/CVF ¡¦","2022"
"Image super-resolution via iterative refinement","C Saharia, J Ho, W Chan, T Salimans -  on Pattern Analysis , 2022 - ieeexplore.ieee.org","¡¦ on Pattern Analysis ¡¦","2022"
"Cvt: Introducing convolutions to vision transformers","H Wu, B Xiao, N Codella, M Liu, X Dai - Proceedings of the , 2021 - openaccess.thecvf.com","Proceedings of the ¡¦","2021"
"Vivit: A video vision transformer","A Arnab, M Dehghani, G Heigold - Proceedings of the , 2021 - openaccess.thecvf.com","Proceedings of the ¡¦","2021"
"Going deeper with image transformers","H Touvron, M Cord, A Sablayrolles - Proceedings of the , 2021 - openaccess.thecvf.com","Proceedings of the ¡¦","2021"
"Crossvit: Cross-attention multi-scale vision transformer for image classification","CFR Chen, Q Fan, R Panda - Proceedings of the IEEE/CVF , 2021 - openaccess.thecvf.com","Proceedings of the IEEE/CVF ¡¦","2021"
"Swin transformer: Hierarchical vision transformer using shifted windows","Z Liu, Y Lin, Y Cao, H Hu, Y Wei - Proceedings of the , 2021 - openaccess.thecvf.com","Proceedings of the ¡¦","2021"
"Transformer tracking","X Chen, B Yan, J Zhu, D Wang - Proceedings of the , 2021 - openaccess.thecvf.com","Proceedings of the ¡¦","2021"
"Ensemble deep learning: A review","MA Ganaie, M Hu, AK Malik, M Tanveer -  Applications of Artificial , 2022 - Elsevier","¡¦ Applications of Artificial ¡¦","2022"
"Vision transformers for dense prediction","R Ranftl, A Bochkovskiy - Proceedings of the IEEE , 2021 - openaccess.thecvf.com","Proceedings of the IEEE ¡¦","2021"
"Dynamicvit: Efficient vision transformers with dynamic token sparsification","Y Rao, W Zhao, B Liu, J Lu, J Zhou - Advances in neural , 2021 - proceedings.neurips.cc","Advances in neural ¡¦","2021"
"LoFTR: Detector-free local feature matching with transformers","J Sun, Z Shen, Y Wang, H Bao - Proceedings of the , 2021 - openaccess.thecvf.com","Proceedings of the ¡¦","2021"
"Are transformers more robust than cnns?","Y Bai, J Mei, AL Yuille, C Xie - Advances in neural , 2021 - proceedings.neurips.cc","Advances in neural ¡¦","2021"
"Data-free knowledge distillation for heterogeneous federated learning","Z Zhu, J Hong, J Zhou - International conference on machine , 2021 - proceedings.mlr.press","International conference on machine ¡¦","2021"
"Learning nonlinear operators via DeepONet based on the universal approximation theorem of operators","L Lu, P Jin, G Pang, Z Zhang - Nature machine , 2021 - nature.com","Nature machine ¡¦","2021"
"A survey of quantization methods for efficient neural network inference","A Gholami, S Kim, Z Dong, Z Yao - Low-Power Computer , 2022 - taylorfrancis.com","Low-Power Computer ¡¦","2022"
"Hornet: Efficient high-order spatial interactions with recursive gated convolutions","Y Rao, W Zhao, Y Tang, J Zhou - Advances in Neural , 2022 - proceedings.neurips.cc","Advances in Neural ¡¦","2022"
"Cutpaste: Self-supervised learning for anomaly detection and localization","CL Li, K Sohn, J Yoon, T Pfister - Proceedings of the IEEE , 2021 - openaccess.thecvf.com","Proceedings of the IEEE ¡¦","2021"
"Convit: Improving vision transformers with soft convolutional inductive biases","S d'Ascoli, H Touvron, ML Leavitt - International , 2021 - proceedings.mlr.press","International ¡¦","2021"
"SpectralFormer: Rethinking hyperspectral image classification with transformers","D Hong, Z Han, J Yao, L Gao, B Zhang -  on Geoscience and , 2021 - ieeexplore.ieee.org","¡¦ on Geoscience and ¡¦","2021"
"Vitpose: Simple vision transformer baselines for human pose estimation","Y Xu, J Zhang, Q Zhang, D Tao - Advances in Neural , 2022 - proceedings.neurips.cc","Advances in Neural ¡¦","2022"
" Machine learning: Algorithms, real-world applications and research directions","IH Sarker - SN computer science, 2021 - Springer","SN computer science","2021"
"Conformer: Local features coupling global representations for visual recognition","Z Peng, W Huang, S Gu, L Xie - Proceedings of the , 2021 - openaccess.thecvf.com","Proceedings of the ¡¦","2021"
"A survey of modern deep learning based object detection models","SSA Zaidi, MS Ansari, A Aslam, N Kanwal - Digital Signal , 2022 - Elsevier","Digital Signal ¡¦","2022"
"Detr3d: 3d object detection from multi-view images via 3d-to-2d queries","Y Wang, VC Guizilini, T Zhang -  on Robot Learning, 2022 - proceedings.mlr.press","¡¦ on Robot Learning","2022"
"Barlow twins: Self-supervised learning via redundancy reduction","J Zbontar, L Jing, I Misra, Y LeCun -  on Machine Learning, 2021 - proceedings.mlr.press","¡¦ on Machine Learning","2021"
"Coordinate attention for efficient mobile network design","Q Hou, D Zhou, J Feng -  of the IEEE/CVF conference on , 2021 - openaccess.thecvf.com","¡¦ of the IEEE/CVF conference on ¡¦","2021"
"Mobile-former: Bridging mobilenet and transformer","Y Chen, X Dai, D Chen, M Liu - Proceedings of the , 2022 - openaccess.thecvf.com","Proceedings of the ¡¦","2022"
"Self-supervised pre-training of swin transformers for 3d medical image analysis","Y Tang, D Yang, W Li, HR Roth - Proceedings of the , 2022 - openaccess.thecvf.com","Proceedings of the ¡¦","2022"
"Transformer in transformer","K Han, A Xiao, E Wu, J Guo, C Xu - Advances in Neural , 2021 - proceedings.neurips.cc","Advances in Neural ¡¦","2021"
"Learning spatio-temporal transformer for visual tracking","B Yan, H Peng, J Fu, D Wang - Proceedings of the IEEE , 2021 - openaccess.thecvf.com","Proceedings of the IEEE ¡¦","2021"
"A survey on deep learning and its applications","S Dong, P Wang, K Abbas - Computer Science Review, 2021 - Elsevier","Computer Science Review","2021"
"Rethinking spatial dimensions of vision transformers","B Heo, S Yun, D Han, S Chun - Proceedings of the , 2021 - openaccess.thecvf.com","Proceedings of the ¡¦","2021"
"Pyramid vision transformer: A versatile backbone for dense prediction without convolutions","W Wang, E Xie, X Li, DP Fan, K Song - Proceedings of the , 2021 - openaccess.thecvf.com","Proceedings of the ¡¦","2021"
"Model-contrastive federated learning","Q Li, B He, D Song -  of the IEEE/CVF conference on , 2021 - openaccess.thecvf.com","¡¦ of the IEEE/CVF conference on ¡¦","2021"
"Dynamic head: Unifying object detection heads with attentions","X Dai, Y Chen, B Xiao, D Chen, M Liu - Proceedings of the , 2021 - openaccess.thecvf.com","Proceedings of the ¡¦","2021"
"Training spiking neural networks using lessons from deep learning","JK Eshraghian, M Ward, EO Neftci - Proceedings of the , 2023 - ieeexplore.ieee.org","Proceedings of the ¡¦","2023"
"Perceiver: General perception with iterative attention","A Jaegle, F Gimeno, A Brock - International , 2021 - proceedings.mlr.press","International ¡¦","2021"
"You only look one-level feature","Q Chen, Y Wang, T Yang, X Zhang - Proceedings of the , 2021 - openaccess.thecvf.com","Proceedings of the ¡¦","2021"
"Resolution-robust large mask inpainting with fourier convolutions","R Suvorov, E Logacheva, A Mashikhin - Proceedings of the , 2022 - openaccess.thecvf.com","Proceedings of the ¡¦","2022"
"How to train your vit? data, augmentation, and regularization in vision transformers","A Steiner, A Kolesnikov, X Zhai, R Wightman - arXiv preprint arXiv , 2021 - arxiv.org","arXiv preprint arXiv ¡¦","2021"
"Cliport: What and where pathways for robotic manipulation","M Shridhar, L Manuelli, D Fox - Conference on Robot , 2022 - proceedings.mlr.press","Conference on Robot ¡¦","2022"
"Contrastive learning for compact single image dehazing","H Wu, Y Qu, S Lin, J Zhou, R Qiao - Proceedings of the , 2021 - openaccess.thecvf.com","Proceedings of the ¡¦","2021"
"Toward causal representation learning","B Schölkopf, F Locatello, S Bauer, NR Ke - Proceedings of the , 2021 - ieeexplore.ieee.org","Proceedings of the ¡¦","2021"
"Channel-wise topology refinement graph convolution for skeleton-based action recognition","Y Chen, Z Zhang, C Yuan, B Li - Proceedings of the , 2021 - openaccess.thecvf.com","Proceedings of the ¡¦","2021"
"Transunet: Transformers make strong encoders for medical image segmentation","J Chen, Y Lu, Q Yu, X Luo, E Adeli, Y Wang - arXiv preprint arXiv , 2021 - arxiv.org","arXiv preprint arXiv ¡¦","2021"
"Medical transformer: Gated axial-attention for medical image segmentation","JMJ Valanarasu, P Oza, I Hacihaliloglu - Medical Image Computing , 2021 - Springer","Medical Image Computing ¡¦","2021"
"Vilt: Vision-and-language transformer without convolution or region supervision","W Kim, B Son, I Kim - International Conference on Machine , 2021 - proceedings.mlr.press","International Conference on Machine ¡¦","2021"
"Resnet strikes back: An improved training procedure in timm","R Wightman, H Touvron, H Jégou - arXiv preprint arXiv:2110.00476, 2021 - arxiv.org","arXiv preprint arXiv:2110.00476","2021"
"Deep neural networks and tabular data: A survey","V Borisov, T Leemann, K Se©¬ler, J Haug -  on Neural Networks , 2022 - ieeexplore.ieee.org","¡¦ on Neural Networks ¡¦","2022"
"Transformer meets tracker: Exploiting temporal context for robust visual tracking","N Wang, W Zhou, J Wang, H Li - Proceedings of the IEEE , 2021 - openaccess.thecvf.com","Proceedings of the IEEE ¡¦","2021"
"Multi-stage progressive image restoration","SW Zamir, A Arora, S Khan, M Hayat - Proceedings of the , 2021 - openaccess.thecvf.com","Proceedings of the ¡¦","2021"
"Semi-supervised semantic segmentation using unreliable pseudo-labels","Y Wang, H Wang, Y Shen, J Fei, W Li - Proceedings of the , 2022 - openaccess.thecvf.com","Proceedings of the ¡¦","2022"
"Observation-centric sort: Rethinking sort for robust multi-object tracking","J Cao, J Pang, X Weng - Proceedings of the , 2023 - openaccess.thecvf.com","Proceedings of the ¡¦","2023"
"Domain generalization: A survey","K Zhou, Z Liu, Y Qiao, T Xiang - IEEE Transactions on , 2022 - ieeexplore.ieee.org","IEEE Transactions on ¡¦","2022"
"Tokens-to-token vit: Training vision transformers from scratch on imagenet","L Yuan, Y Chen, T Wang, W Yu, Y Shi - Proceedings of the , 2021 - openaccess.thecvf.com","Proceedings of the ¡¦","2021"
"Bottleneck transformers for visual recognition","A Srinivas, TY Lin, N Parmar, J Shlens - Proceedings of the , 2021 - openaccess.thecvf.com","Proceedings of the ¡¦","2021"
"Conceptual 12m: Pushing web-scale image-text pre-training to recognize long-tail visual concepts","S Changpinyo, P Sharma, N Ding - Proceedings of the , 2021 - openaccess.thecvf.com","Proceedings of the ¡¦","2021"
"Multi-game decision transformers","KH Lee, O Nachum, MS Yang, L Lee - Advances in , 2022 - proceedings.neurips.cc","Advances in ¡¦","2022"
"Classification of skin disease using deep learning neural networks with MobileNet V2 and LSTM","PN Srinivasu, JG SivaSai, MF Ijaz, AK Bhoi, W Kim - Sensors, 2021 - mdpi.com","Sensors","2021"
"Transreid: Transformer-based object re-identification","S He, H Luo, P Wang, F Wang, H Li - Proceedings of the , 2021 - openaccess.thecvf.com","Proceedings of the ¡¦","2021"
"Ibrnet: Learning multi-view image-based rendering","Q Wang, Z Wang, K Genova - Proceedings of the , 2021 - openaccess.thecvf.com","Proceedings of the ¡¦","2021"
"Pointclip: Point cloud understanding by clip","R Zhang, Z Guo, W Zhang, K Li - Proceedings of the , 2022 - openaccess.thecvf.com","Proceedings of the ¡¦","2022"
"Extract free dense labels from clip","C Zhou, CC Loy, B Dai - European Conference on Computer Vision, 2022 - Springer","European Conference on Computer Vision","2022"
"Towards total recall in industrial anomaly detection","K Roth, L Pemula, J Zepeda - Proceedings of the , 2022 - openaccess.thecvf.com","Proceedings of the ¡¦","2022"
"Rethinking bisenet for real-time semantic segmentation","M Fan, S Lai, J Huang, X Wei, Z Chai - Proceedings of the , 2021 - openaccess.thecvf.com","Proceedings of the ¡¦","2021"
"Vitae: Vision transformer advanced by exploring intrinsic inductive bias","Y Xu, Q Zhang, J Zhang, D Tao - Advances in neural , 2021 - proceedings.neurips.cc","Advances in neural ¡¦","2021"
"Ast: Audio spectrogram transformer","Y Gong, YA Chung, J Glass - arXiv preprint arXiv:2104.01778, 2021 - arxiv.org","arXiv preprint arXiv:2104.01778","2021"
"Focal self-attention for local-global interactions in vision transformers","J Yang, C Li, P Zhang, X Dai, B Xiao, L Yuan - arXiv preprint arXiv , 2021 - arxiv.org","arXiv preprint arXiv ¡¦","2021"
"Incorporating convolution designs into visual transformers","K Yuan, S Guo, Z Liu, A Zhou - Proceedings of the , 2021 - openaccess.thecvf.com","Proceedings of the ¡¦","2021"
"Designing an encoder for stylegan image manipulation","O Tov, Y Alaluf, Y Nitzan, O Patashnik - ACM Transactions on , 2021 - dl.acm.org","ACM Transactions on ¡¦","2021"
"Repvgg: Making vgg-style convnets great again","X Ding, X Zhang, N Ma, J Han - Proceedings of the , 2021 - openaccess.thecvf.com","Proceedings of the ¡¦","2021"
"Learning transferable visual models from natural language supervision","A Radford, JW Kim, C Hallacy - International , 2021 - proceedings.mlr.press","International ¡¦","2021"
"Less is more: Clipbert for video-and-language learning via sparse sampling","J Lei, L Li, L Zhou, Z Gan, TL Berg - Proceedings of the , 2021 - openaccess.thecvf.com","Proceedings of the ¡¦","2021"
"Transformers in vision: A survey","S Khan, M Naseer, M Hayat, SW Zamir - ACM computing , 2022 - dl.acm.org","ACM computing ¡¦","2022"
"Fcos3d: Fully convolutional one-stage monocular 3d object detection","T Wang, X Zhu, J Pang, D Lin - Proceedings of the IEEE , 2021 - openaccess.thecvf.com","Proceedings of the IEEE ¡¦","2021"
"With a little help from my friends: Nearest-neighbor contrastive learning of visual representations","D Dwibedi, Y Aytar, J Tompson - Proceedings of the , 2021 - openaccess.thecvf.com","Proceedings of the ¡¦","2021"
"Rethinking semantic segmentation from a sequence-to-sequence perspective with transformers","S Zheng, J Lu, H Zhao, X Zhu, Z Luo - Proceedings of the , 2021 - openaccess.thecvf.com","Proceedings of the ¡¦","2021"
"Focal sparse convolutional networks for 3d object detection","Y Chen, Y Li, X Zhang, J Sun - Proceedings of the IEEE , 2022 - openaccess.thecvf.com","Proceedings of the IEEE ¡¦","2022"
"Levit: a vision transformer in convnet's clothing for faster inference","B Graham, A El-Nouby, H Touvron - Proceedings of the , 2021 - openaccess.thecvf.com","Proceedings of the ¡¦","2021"
"Perceiver io: A general architecture for structured inputs & outputs","A Jaegle, S Borgeaud, JB Alayrac, C Doersch - arXiv preprint arXiv , 2021 - arxiv.org","arXiv preprint arXiv ¡¦","2021"
" Deep learning-enabled medical computer vision","A Esteva, K Chou, S Yeung, N Naik, A Madani - NPJ digital , 2021 - nature.com","NPJ digital ¡¦","2021"
"Localvit: Bringing locality to vision transformers","Y Li, K Zhang, J Cao, R Timofte, L Van Gool - arXiv preprint arXiv , 2021 - arxiv.org","arXiv preprint arXiv ¡¦","2021"
"High-performance large-scale image recognition without normalization","A Brock, S De, SL Smith -  Conference on Machine , 2021 - proceedings.mlr.press","¡¦ Conference on Machine ¡¦","2021"
"Transmil: Transformer based correlated multiple instance learning for whole slide image classification","Z Shao, H Bian, Y Chen, Y Wang - Advances in neural , 2021 - proceedings.neurips.cc","Advances in neural ¡¦","2021"
"Training data-efficient image transformers & distillation through attention","H Touvron, M Cord, M Douze, F Massa - International , 2021 - proceedings.mlr.press","International ¡¦","2021"
"What are Bayesian neural network posteriors really like?","P Izmailov, S Vikram, MD Hoffman -  on machine learning, 2021 - proceedings.mlr.press","¡¦ on machine learning","2021"
"Hyperstyle: Stylegan inversion with hypernetworks for real image editing","Y Alaluf, O Tov, R Mokady, R Gal - Proceedings of the , 2022 - openaccess.thecvf.com","Proceedings of the ¡¦","2022"
"Open-vocabulary object detection via vision and language knowledge distillation","X Gu, TY Lin, W Kuo, Y Cui - arXiv preprint arXiv:2104.13921, 2021 - arxiv.org","arXiv preprint arXiv:2104.13921","2021"
"Merlot: Multimodal neural script knowledge models","R Zellers, X Lu, J Hessel, Y Yu - Advances in , 2021 - proceedings.neurips.cc","Advances in ¡¦","2021"
"Convnext v2: Co-designing and scaling convnets with masked autoencoders","S Woo, S Debnath, R Hu, X Chen - Proceedings of the , 2023 - openaccess.thecvf.com","Proceedings of the ¡¦","2023"
"Pervasive label errors in test sets destabilize machine learning benchmarks","CG Northcutt, A Athalye, J Mueller - arXiv preprint arXiv:2103.14749, 2021 - arxiv.org","arXiv preprint arXiv:2103.14749","2021"
"A survey on vision transformer","K Han, Y Wang, H Chen, X Chen, J Guo - IEEE transactions on , 2022 - ieeexplore.ieee.org","IEEE transactions on ¡¦","2022"
"Trackformer: Multi-object tracking with transformers","T Meinhardt, A Kirillov, L Leal-Taixe - Proceedings of the , 2022 - openaccess.thecvf.com","Proceedings of the ¡¦","2022"
"Merlot reserve: Neural script knowledge through vision and language and sound","R Zellers, J Lu, X Lu, Y Yu, Y Zhao - Proceedings of the , 2022 - openaccess.thecvf.com","Proceedings of the ¡¦","2022"
"Diffusion autoencoders: Toward a meaningful and decodable representation","K Preechakul, N Chatthee - Proceedings of the , 2022 - openaccess.thecvf.com","Proceedings of the ¡¦","2022"
"Vision transformer adapter for dense predictions","Z Chen, Y Duan, W Wang, J He, T Lu, J Dai - arXiv preprint arXiv , 2022 - arxiv.org","arXiv preprint arXiv ¡¦","2022"
"Understanding the robustness in vision transformers","D Zhou, Z Yu, E Xie, C Xiao - International , 2022 - proceedings.mlr.press","International ¡¦","2022"
"nnU-Net: a self-configuring method for deep learning-based biomedical image segmentation","F Isensee, PF Jaeger, SAA Kohl, J Petersen - Nature , 2021 - nature.com","Nature ¡¦","2021"
"Simple copy-paste is a strong data augmentation method for instance segmentation","G Ghiasi, Y Cui, A Srinivas, R Qian - Proceedings of the , 2021 - openaccess.thecvf.com","Proceedings of the ¡¦","2021"
"Actionformer: Localizing moments of actions with transformers","CL Zhang, J Wu, Y Li - European Conference on Computer Vision, 2022 - Springer","European Conference on Computer Vision","2022"
"Learning to prompt for open-vocabulary object detection with vision-language model","Y Du, F Wei, Z Zhang, M Shi - Proceedings of the , 2022 - openaccess.thecvf.com","Proceedings of the ¡¦","2022"
"Multiview transformers for video recognition","S Yan, X Xiong, A Arnab, Z Lu - Proceedings of the , 2022 - openaccess.thecvf.com","Proceedings of the ¡¦","2022"
"Deepvit: Towards deeper vision transformer","D Zhou, B Kang, X Jin, L Yang, X Lian, Z Jiang - arXiv preprint arXiv , 2021 - arxiv.org","arXiv preprint arXiv ¡¦","2021"
"Sensor and sensor fusion technology in autonomous vehicles: A review","DJ Yeong, G Velasco-Hernandez, J Barry, J Walsh - Sensors, 2021 - mdpi.com","Sensors","2021"
"Pre-trained image processing transformer","H Chen, Y Wang, T Guo, C Xu - Proceedings of the , 2021 - openaccess.thecvf.com","Proceedings of the ¡¦","2021"
"On the importance of gradients for detecting distributional shifts in the wild","R Huang, A Geng, Y Li - Advances in Neural Information , 2021 - proceedings.neurips.cc","Advances in Neural Information ¡¦","2021"
"Scaling local self-attention for parameter efficient visual backbones","A Vaswani, P Ramachandran - Proceedings of the , 2021 - openaccess.thecvf.com","Proceedings of the ¡¦","2021"
"See through gradients: Image batch recovery via gradinversion","H Yin, A Mallya, A Vahdat, JM Alvarez - Proceedings of the , 2021 - openaccess.thecvf.com","Proceedings of the ¡¦","2021"
"Hinet: Half instance normalization network for image restoration","L Chen, X Lu, J Zhang, X Chu - Proceedings of the IEEE , 2021 - openaccess.thecvf.com","Proceedings of the IEEE ¡¦","2021"
"Dense depth priors for neural radiance fields from sparse input views","B Roessle, JT Barron, B Mildenhall - Proceedings of the , 2022 - openaccess.thecvf.com","Proceedings of the ¡¦","2022"
"Rethinking semantic segmentation: A prototype view","T Zhou, W Wang, E Konukoglu - Proceedings of the , 2022 - openaccess.thecvf.com","Proceedings of the ¡¦","2022"
"Deit iii: Revenge of the vit","H Touvron, M Cord, H Jégou - European Conference on Computer Vision, 2022 - Springer","European Conference on Computer Vision","2022"
"Multi-modal fusion transformer for end-to-end autonomous driving","A Prakash, K Chitta, A Geiger - Proceedings of the IEEE , 2021 - openaccess.thecvf.com","Proceedings of the IEEE ¡¦","2021"
"Simam: A simple, parameter-free attention module for convolutional neural networks","L Yang, RY Zhang, L Li, X Xie - International conference on , 2021 - proceedings.mlr.press","International conference on ¡¦","2021"
"Real-world robot learning with masked visual pre-training","I Radosavovic, T Xiao, S James -  on Robot Learning, 2023 - proceedings.mlr.press","¡¦ on Robot Learning","2023"
"Vision gnn: An image is worth graph of nodes","K Han, Y Wang, J Guo, Y Tang - Advances in Neural , 2022 - proceedings.neurips.cc","Advances in Neural ¡¦","2022"
"Exploring simple siamese representation learning","X Chen, K He - Proceedings of the IEEE/CVF conference on , 2021 - openaccess.thecvf.com","Proceedings of the IEEE/CVF conference on ¡¦","2021"
"Sparse r-cnn: End-to-end object detection with learnable proposals","P Sun, R Zhang, Y Jiang, T Kong - Proceedings of the , 2021 - openaccess.thecvf.com","Proceedings of the ¡¦","2021"
"Davit: Dual attention vision transformers","M Ding, B Xiao, N Codella, P Luo, J Wang - European Conference on , 2022 - Springer","European Conference on ¡¦","2022"
" Geometry-enhanced molecular representation learning for property prediction","X Fang, L Liu, J Lei, D He, S Zhang, J Zhou - Nature Machine , 2022 - nature.com","Nature Machine ¡¦","2022"
"pi-gan: Periodic implicit generative adversarial networks for 3d-aware image synthesis","ER Chan, M Monteiro, P Kellnhofer - Proceedings of the , 2021 - openaccess.thecvf.com","Proceedings of the ¡¦","2021"
"Scaled-yolov4: Scaling cross stage partial network","CY Wang, A Bochkovskiy - Proceedings of the IEEE , 2021 - openaccess.thecvf.com","Proceedings of the IEEE ¡¦","2021"
"End-to-end video instance segmentation with transformers","Y Wang, Z Xu, X Wang, C Shen - Proceedings of the , 2021 - openaccess.thecvf.com","Proceedings of the ¡¦","2021"
"Giraffe: Representing scenes as compositional generative neural feature fields","M Niemeyer, A Geiger -  of the IEEE/CVF Conference on , 2021 - openaccess.thecvf.com","¡¦ of the IEEE/CVF Conference on ¡¦","2021"
"Dataset distillation by matching training trajectories","G Cazenavette, T Wang, A Torralba - Proceedings of the , 2022 - openaccess.thecvf.com","Proceedings of the ¡¦","2022"
"Machine learning–accelerated computational fluid dynamics","D Kochkov, JA Smith, A Alieva - Proceedings of the , 2021 - National Acad Sciences","Proceedings of the ¡¦","2021"
"Resmlp: Feedforward networks for image classification with data-efficient training","H Touvron, P Bojanowski, M Caron -  on Pattern Analysis , 2022 - ieeexplore.ieee.org","¡¦ on Pattern Analysis ¡¦","2022"
"Fcanet: Frequency channel attention networks","Z Qin, P Zhang, F Wu, X Li - Proceedings of the IEEE/CVF , 2021 - openaccess.thecvf.com","Proceedings of the IEEE/CVF ¡¦","2021"
"Conditional positional encodings for vision transformers","X Chu, Z Tian, B Zhang, X Wang, X Wei, H Xia - arXiv preprint arXiv , 2021 - arxiv.org","arXiv preprint arXiv ¡¦","2021"
"Ota: Optimal transport assignment for object detection","Z Ge, S Liu, Z Li, O Yoshie - Proceedings of the IEEE , 2021 - openaccess.thecvf.com","Proceedings of the IEEE ¡¦","2021"
"Remote sensing image change detection with transformers","H Chen, Z Qi, Z Shi - IEEE Transactions on Geoscience and , 2021 - ieeexplore.ieee.org","IEEE Transactions on Geoscience and ¡¦","2021"
"Unified contrastive learning in image-text-label space","J Yang, C Li, P Zhang, B Xiao, C Liu - Proceedings of the , 2022 - openaccess.thecvf.com","Proceedings of the ¡¦","2022"
"Redet: A rotation-equivariant detector for aerial object detection","J Han, J Ding, N Xue, GS Xia - Proceedings of the IEEE , 2021 - openaccess.thecvf.com","Proceedings of the IEEE ¡¦","2021"
"Sparsity in deep learning: Pruning and growth for efficient inference and training in neural networks","T Hoefler, D Alistarh, T Ben-Nun, N Dryden - The Journal of Machine , 2021 - dl.acm.org","The Journal of Machine ¡¦","2021"
"Dense contrastive learning for self-supervised visual pre-training","X Wang, R Zhang, C Shen - Proceedings of the , 2021 - openaccess.thecvf.com","Proceedings of the ¡¦","2021"
"Explainable artificial intelligence: an analytical review","PP Angelov, EA Soares, R Jiang -  : Data Mining and , 2021 - Wiley Online Library","¡¦ : Data Mining and ¡¦","2021"
"Imagenet-21k pretraining for the masses","T Ridnik, E Ben-Baruch, A Noy - arXiv preprint arXiv , 2021 - arxiv.org","arXiv preprint arXiv ¡¦","2021"
"A survey on contrastive self-supervised learning","A Jaiswal, AR Babu, MZ Zadeh, D Banerjee - Technologies, 2020 - mdpi.com","Technologies","2020"
"Global filter networks for image classification","Y Rao, W Zhao, Z Zhu, J Lu - Advances in neural , 2021 - proceedings.neurips.cc","Advances in neural ¡¦","2021"
"Is pseudo-lidar needed for monocular 3d object detection?","D Park, R Ambrus, V Guizilini, J Li - Proceedings of the , 2021 - openaccess.thecvf.com","Proceedings of the ¡¦","2021"
"Underspecification presents challenges for credibility in modern machine learning","A D'Amour, K Heller, D Moldovan, B Adlam - The Journal of Machine , 2022 - dl.acm.org","The Journal of Machine ¡¦","2022"
"Deep model reassembly","X Yang, D Zhou, S Liu, J Ye - Advances in neural , 2022 - proceedings.neurips.cc","Advances in neural ¡¦","2022"
"Neural operator: Learning maps between function spaces","N Kovachki, Z Li, B Liu, K Azizzadenesheli - arXiv preprint arXiv , 2021 - arxiv.org","arXiv preprint arXiv ¡¦","2021"
" End-to-end privacy preserving deep learning on multi-institutional medical imaging","G Kaissis, A Ziller, J Passerat-Palmbach - Nature Machine , 2021 - nature.com","Nature Machine ¡¦","2021"
"End-to-end human pose and mesh reconstruction with transformers","K Lin, L Wang, Z Liu -  of the IEEE/CVF conference on , 2021 - openaccess.thecvf.com","¡¦ of the IEEE/CVF conference on ¡¦","2021"
"Federated learning on non-iid data silos: An experimental study","Q Li, Y Diao, Q Chen, B He - 2022 IEEE 38th International , 2022 - ieeexplore.ieee.org","2022 IEEE 38th International ¡¦","2022"
"Categorical depth distribution network for monocular 3d object detection","C Reading, A Harakeh, J Chae - Proceedings of the , 2021 - openaccess.thecvf.com","Proceedings of the ¡¦","2021"
"Dynamic neural networks: A survey","Y Han, G Huang, S Song, L Yang - IEEE Transactions on , 2021 - ieeexplore.ieee.org","IEEE Transactions on ¡¦","2021"
"Common objects in 3d: Large-scale learning and evaluation of real-life 3d category reconstruction","J Reizenstein, R Shapovalov - Proceedings of the , 2021 - openaccess.thecvf.com","Proceedings of the ¡¦","2021"
"Whole-cell segmentation of tissue images with human-level performance using large-scale data annotation and deep learning","NF Greenwald, G Miller, E Moen, A Kong, A Kagel - Nature , 2022 - nature.com","Nature ¡¦","2022"
"Video transformer network","D Neimark, O Bar, M Zohar - Proceedings of the , 2021 - openaccess.thecvf.com","Proceedings of the ¡¦","2021"
"Crosspoint: Self-supervised cross-modal contrastive learning for 3d point cloud understanding","M Afham, I Dissanayake - Proceedings of the , 2022 - openaccess.thecvf.com","Proceedings of the ¡¦","2022"
"Layercam: Exploring hierarchical class activation maps for localization","PT Jiang, CB Zhang, Q Hou - IEEE Transactions on , 2021 - ieeexplore.ieee.org","IEEE Transactions on ¡¦","2021"
"Understanding robustness of transformers for image classification","S Bhojanapalli, A Chakrabarti - Proceedings of the , 2021 - openaccess.thecvf.com","Proceedings of the ¡¦","2021"
"Diverse part discovery: Occluded person re-identification with part-aware transformer","Y Li, J He, T Zhang, X Liu - Proceedings of the , 2021 - openaccess.thecvf.com","Proceedings of the ¡¦","2021"
"Deformable detr: Deformable transformers for end-to-end object detection","X Zhu, W Su, L Lu, B Li, X Wang, J Dai - arXiv preprint arXiv:2010.04159, 2020 - arxiv.org","arXiv preprint arXiv:2010.04159","2020"
"A deeply supervised attention metric-based network and an open aerial image dataset for remote sensing change detection","Q Shi, M Liu, S Li, X Liu, F Wang - IEEE transactions on , 2021 - ieeexplore.ieee.org","IEEE transactions on ¡¦","2021"
"Towards open world object detection","KJ Joseph, S Khan, FS Khan - Proceedings of the , 2021 - openaccess.thecvf.com","Proceedings of the ¡¦","2021"
"Fourier neural operator for parametric partial differential equations","Z Li, N Kovachki, K Azizzadenesheli, B Liu - arXiv preprint arXiv , 2020 - arxiv.org","arXiv preprint arXiv ¡¦","2020"
"Adbench: Anomaly detection benchmark","S Han, X Hu, H Huang, M Jiang - Advances in Neural , 2022 - proceedings.neurips.cc","Advances in Neural ¡¦","2022"
"Harnessing multimodal data integration to advance precision oncology","KM Boehm, P Khosravi, R Vanguri, J Gao - Nature Reviews , 2022 - nature.com","Nature Reviews ¡¦","2022"
"Mat: Mask-aware transformer for large hole image inpainting","W Li, Z Lin, K Zhou, L Qi, Y Wang - Proceedings of the , 2022 - openaccess.thecvf.com","Proceedings of the ¡¦","2022"
"Prototypical pseudo label denoising and target structure learning for domain adaptive semantic segmentation","P Zhang, B Zhang, T Zhang, D Chen - Proceedings of the , 2021 - openaccess.thecvf.com","Proceedings of the ¡¦","2021"
"Understanding the behaviour of contrastive loss","F Wang, H Liu - Proceedings of the IEEE/CVF conference , 2021 - openaccess.thecvf.com","Proceedings of the IEEE/CVF conference ¡¦","2021"
"Revisiting resnets: Improved training and scaling strategies","I Bello, W Fedus, X Du, ED Cubuk - Advances in , 2021 - proceedings.neurips.cc","Advances in ¡¦","2021"
"A systematic review on affective computing: Emotion models, databases, and recent advances","Y Wang, W Song, W Tao, A Liotta, D Yang, X Li, S Gao - Information , 2022 - Elsevier","Information ¡¦","2022"
"Socratic models: Composing zero-shot multimodal reasoning with language","A Zeng, M Attarian, B Ichter, K Choromanski - arXiv preprint arXiv , 2022 - arxiv.org","arXiv preprint arXiv ¡¦","2022"
" Deep learning in computer vision: A critical review of emerging techniques and application scenarios","J Chai, H Zeng, A Li, EWT Ngai - Machine Learning with Applications, 2021 - Elsevier","Machine Learning with Applications","2021"
" Intelligent metasurfaces: control, communication and computing","L Li, H Zhao, C Liu, L Li, TJ Cui - Elight, 2022 - Springer","Elight","2022"
"Big self-supervised models advance medical image classification","S Azizi, B Mustafa, F Ryan, Z Beaver - Proceedings of the , 2021 - openaccess.thecvf.com","Proceedings of the ¡¦","2021"
"Der: Dynamically expandable representation for class incremental learning","S Yan, J Xie, X He -  of the IEEE/CVF Conference on , 2021 - openaccess.thecvf.com","¡¦ of the IEEE/CVF Conference on ¡¦","2021"
" Artificial intelligence-enabled detection and assessment of Parkinson's disease using nocturnal breathing signals","Y Yang, Y Yuan, G Zhang, H Wang, YC Chen, Y Liu - Nature medicine, 2022 - nature.com","Nature medicine","2022"
"Contrastive test-time adaptation","D Chen, D Wang, T Darrell - Proceedings of the , 2022 - openaccess.thecvf.com","Proceedings of the ¡¦","2022"
"Co-scale conv-attentional image transformers","W Xu, Y Xu, T Chang, Z Tu - Proceedings of the IEEE/CVF , 2021 - openaccess.thecvf.com","Proceedings of the IEEE/CVF ¡¦","2021"
"A small-sized object detection oriented multi-scale feature fusion approach with application to defect detection","N Zeng, P Wu, Z Wang, H Li, W Liu - IEEE Transactions on , 2022 - ieeexplore.ieee.org","IEEE Transactions on ¡¦","2022"
" Pre-trained models: Past, present and future","X Han, Z Zhang, N Ding, Y Gu, X Liu, Y Huo, J Qiu - AI Open, 2021 - Elsevier","AI Open","2021"
"A fourier-based framework for domain generalization","Q Xu, R Zhang, Y Zhang, Y Wang - Proceedings of the , 2021 - openaccess.thecvf.com","Proceedings of the ¡¦","2021"
" MedMNIST v2-A large-scale lightweight benchmark for 2D and 3D biomedical image classification","J Yang, R Shi, D Wei, Z Liu, L Zhao, B Ke, H Pfister - Scientific Data, 2023 - nature.com","Scientific Data","2023"
"Exploring cross-image pixel contrast for semantic segmentation","W Wang, T Zhou, F Yu, J Dai - Proceedings of the , 2021 - openaccess.thecvf.com","Proceedings of the ¡¦","2021"
"U-net and its variants for medical image segmentation: A review of theory and applications","N Siddique, S Paheding, CP Elkin - Ieee , 2021 - ieeexplore.ieee.org","Ieee ¡¦","2021"
"Max-deeplab: End-to-end panoptic segmentation with mask transformers","H Wang, Y Zhu, H Adam, A Yuille - Proceedings of the , 2021 - openaccess.thecvf.com","Proceedings of the ¡¦","2021"
"SSDMNV2: A real time DNN-based face mask detection system using single shot multibox detector and MobileNetV2","P Nagrath, R Jain, A Madan, R Arora, P Kataria - Sustainable cities and , 2021 - Elsevier","Sustainable cities and ¡¦","2021"
"Uctransnet: rethinking the skip connections in u-net from a channel-wise perspective with transformer","H Wang, P Cao, J Wang, OR Zaiane - Proceedings of the AAAI , 2022 - ojs.aaai.org","Proceedings of the AAAI ¡¦","2022"
" A deep learning system for detecting diabetic retinopathy across the disease spectrum","L Dai, L Wu, H Li, C Cai, Q Wu, H Kong, R Liu - Nature , 2021 - nature.com","Nature ¡¦","2021"
"Supervision exists everywhere: A data efficient contrastive language-image pre-training paradigm","Y Li, F Liang, L Zhao, Y Cui, W Ouyang, J Shao - arXiv preprint arXiv , 2021 - arxiv.org","arXiv preprint arXiv ¡¦","2021"
"Adversarial neuron pruning purifies backdoored deep models","D Wu, Y Wang - Advances in Neural Information Processing , 2021 - proceedings.neurips.cc","Advances in Neural Information Processing ¡¦","2021"
"On the integration of self-attention and convolution","X Pan, C Ge, R Lu, S Song, G Chen - Proceedings of the , 2022 - openaccess.thecvf.com","Proceedings of the ¡¦","2022"
"Visual saliency transformer","N Liu, N Zhang, K Wan, L Shao - Proceedings of the IEEE , 2021 - openaccess.thecvf.com","Proceedings of the IEEE ¡¦","2021"
"Transforming model prediction for tracking","C Mayer, M Danelljan, G Bhat, M Paul - Proceedings of the , 2022 - openaccess.thecvf.com","Proceedings of the ¡¦","2022"
"Contextual transformer networks for visual recognition","Y Li, T Yao, Y Pan, T Mei - IEEE Transactions on Pattern , 2022 - ieeexplore.ieee.org","IEEE Transactions on Pattern ¡¦","2022"
"Restyle: A residual-based stylegan encoder via iterative refinement","Y Alaluf, O Patashnik - Proceedings of the IEEE , 2021 - openaccess.thecvf.com","Proceedings of the IEEE ¡¦","2021"
"Rethinking and improving relative position encoding for vision transformer","K Wu, H Peng, M Chen, J Fu - Proceedings of the IEEE , 2021 - openaccess.thecvf.com","Proceedings of the IEEE ¡¦","2021"
"Test-time training with masked autoencoders","Y Gandelsman, Y Sun, X Chen - Advances in Neural , 2022 - proceedings.neurips.cc","Advances in Neural ¡¦","2022"
"Motr: End-to-end multiple-object tracking with transformer","F Zeng, B Dong, Y Zhang, T Wang, X Zhang - European Conference on , 2022 - Springer","European Conference on ¡¦","2022"
"Holistic network virtualization and pervasive network intelligence for 6G","X Shen, J Gao, W Wu, M Li, C Zhou -  Surveys & Tutorials, 2021 - ieeexplore.ieee.org","¡¦ Surveys & Tutorials","2021"
"A unifying review of deep and shallow anomaly detection","L Ruff, JR Kauffmann, RA Vandermeulen - Proceedings of the , 2021 - ieeexplore.ieee.org","Proceedings of the ¡¦","2021"
"A forest fire detection system based on ensemble learning","R Xu, H Lin, K Lu, L Cao, Y Liu - Forests, 2021 - mdpi.com","Forests","2021"
"Xmem: Long-term video object segmentation with an atkinson-shiffrin memory model","HK Cheng, AG Schwing - European Conference on Computer Vision, 2022 - Springer","European Conference on Computer Vision","2022"
"Up-detr: Unsupervised pre-training for object detection with transformers","Z Dai, B Cai, Y Lin, J Chen -  of the IEEE/CVF conference on , 2021 - openaccess.thecvf.com","¡¦ of the IEEE/CVF conference on ¡¦","2021"
"Multi-scale vision longformer: A new vision transformer for high-resolution image encoding","P Zhang, X Dai, J Yang, B Xiao - Proceedings of the , 2021 - openaccess.thecvf.com","Proceedings of the ¡¦","2021"
"Rethinking network design and local geometry in point cloud: A simple residual MLP framework","X Ma, C Qin, H You, H Ran, Y Fu - arXiv preprint arXiv:2202.07123, 2022 - arxiv.org","arXiv preprint arXiv:2202.07123","2022"
"Pruning and quantization for deep neural network acceleration: A survey","T Liang, J Glossner, L Wang, S Shi, X Zhang - Neurocomputing, 2021 - Elsevier","Neurocomputing","2021"
"Vision-language pre-training: Basics, recent advances, and future trends","Z Gan, L Li, C Li, L Wang, Z Liu - Foundations and Trends , 2022 - nowpublishers.com","Foundations and Trends ¡¦","2022"
"Dualprompt: Complementary prompting for rehearsal-free continual learning","Z Wang, Z Zhang, S Ebrahimi, R Sun, H Zhang -  on Computer Vision, 2022 - Springer","¡¦ on Computer Vision","2022"
"Beyond english-centric multilingual machine translation","A Fan, S Bhosale, H Schwenk, Z Ma - The Journal of Machine , 2021 - dl.acm.org","The Journal of Machine ¡¦","2021"
"Bevdet: High-performance multi-camera 3d object detection in bird-eye-view","J Huang, G Huang, Z Zhu, Y Ye, D Du - arXiv preprint arXiv:2112.11790, 2021 - arxiv.org","arXiv preprint arXiv:2112.11790","2021"
"A survey on neural network interpretability","Y Zhang, P Tiňo, A Leonardis - IEEE Transactions on , 2021 - ieeexplore.ieee.org","IEEE Transactions on ¡¦","2021"
"Distributed learning in wireless networks: Recent progress and future challenges","M Chen, D Gündüz, K Huang, W Saad - IEEE Journal on , 2021 - ieeexplore.ieee.org","IEEE Journal on ¡¦","2021"
"Training graph neural networks with 1000 layers","G Li, M Müller, B Ghanem -  conference on machine , 2021 - proceedings.mlr.press","¡¦ conference on machine ¡¦","2021"
"RFN-Nest: An end-to-end residual fusion network for infrared and visible images","H Li, XJ Wu, J Kittler - Information Fusion, 2021 - Elsevier","Information Fusion","2021"
"Swintrack: A simple and strong baseline for transformer tracking","L Lin, H Fan, Z Zhang, Y Xu - Advances in Neural , 2022 - proceedings.neurips.cc","Advances in Neural ¡¦","2022"
"Escaping the big data paradigm with compact transformers","A Hassani, S Walton, N Shah, A Abuduweili - arXiv preprint arXiv , 2021 - arxiv.org","arXiv preprint arXiv ¡¦","2021"
"Review the state-of-the-art technologies of semantic segmentation based on deep learning","Y Mo, Y Wu, X Yang, F Liu, Y Liao - Neurocomputing, 2022 - Elsevier","Neurocomputing","2022"
" Unbox the black-box for the medical explainable AI via multi-modal and multi-centre data fusion: A mini-review, two showcases and beyond","G Yang, Q Ye, J Xia - Information Fusion, 2022 - Elsevier","Information Fusion","2022"
" Space-efficient optical computing with an integrated chip diffractive neural network","HH Zhu, J Zou, H Zhang, YZ Shi, SB Luo - Nature , 2022 - nature.com","Nature ¡¦","2022"
"2dpass: 2d priors assisted semantic segmentation on lidar point clouds","X Yan, J Gao, C Zheng, C Zheng, R Zhang -  on Computer Vision, 2022 - Springer","¡¦ on Computer Vision","2022"
"Fighting against COVID-19: A novel deep learning model based on YOLO-v2 with ResNet-50 for medical face mask detection","M Loey, G Manogaran, MHN Taha - Sustainable cities and , 2021 - Elsevier","Sustainable cities and ¡¦","2021"
"Self-supervised learning with data augmentations provably isolates content from style","J Von Kügelgen, Y Sharma, L Gresele - Advances in neural , 2021 - proceedings.neurips.cc","Advances in neural ¡¦","2021"
"A review of deep-learning-based medical image segmentation methods","X Liu, L Song, S Liu, Y Zhang - Sustainability, 2021 - mdpi.com","Sustainability","2021"
"Transformer for single image super-resolution","Z Lu, J Li, H Liu, C Huang, L Zhang - Proceedings of the , 2022 - openaccess.thecvf.com","Proceedings of the ¡¦","2022"
"A survey of deep active learning","P Ren, Y Xiao, X Chang, PY Huang, Z Li - ACM computing , 2021 - dl.acm.org","ACM computing ¡¦","2021"
"A comparative analysis of object detection metrics with a companion open-source toolkit","R Padilla, WL Passos, TLB Dias, SL Netto - Electronics, 2021 - mdpi.com","Electronics","2021"
"Exploring the limits of out-of-distribution detection","S Fort, J Ren - Advances in Neural , 2021 - proceedings.neurips.cc","Advances in Neural ¡¦","2021"
"Adaface: Quality adaptive margin for face recognition","M Kim, AK Jain, X Liu -  of the IEEE/CVF conference on , 2022 - openaccess.thecvf.com","¡¦ of the IEEE/CVF conference on ¡¦","2022"
"Involution: Inverting the inherence of convolution for visual recognition","D Li, J Hu, C Wang, X Li, Q She, L Zhu - Proceedings of the , 2021 - openaccess.thecvf.com","Proceedings of the ¡¦","2021"
"Volo: Vision outlooker for visual recognition","L Yuan, Q Hou, Z Jiang, J Feng - IEEE transactions on , 2022 - ieeexplore.ieee.org","IEEE transactions on ¡¦","2022"
"Adabelief optimizer: Adapting stepsizes by the belief in observed gradients","J Zhuang, T Tang, Y Ding - Advances in neural , 2020 - proceedings.neurips.cc","Advances in neural ¡¦","2020"
"Vl-adapter: Parameter-efficient transfer learning for vision-and-language tasks","YL Sung, J Cho, M Bansal - Proceedings of the IEEE/CVF , 2022 - openaccess.thecvf.com","Proceedings of the IEEE/CVF ¡¦","2022"
"Transtrack: Multiple object tracking with transformer","P Sun, J Cao, Y Jiang, R Zhang, E Xie, Z Yuan - arXiv preprint arXiv , 2020 - arxiv.org","arXiv preprint arXiv ¡¦","2020"
"A hybrid deep transfer learning model with machine learning methods for face mask detection in the era of the COVID-19 pandemic","M Loey, G Manogaran, MHN Taha, NEM Khalifa - Measurement, 2021 - Elsevier","Measurement","2021"
" Learning local equivariant representations for large-scale atomistic dynamics","A Musaelian, S Batzner, A Johansson, L Sun - Nature , 2023 - nature.com","Nature ¡¦","2023"
"Factorizing knowledge in neural networks","X Yang, J Ye, X Wang - European Conference on Computer Vision, 2022 - Springer","European Conference on Computer Vision","2022"
"You only look at one sequence: Rethinking transformer in vision through object detection","Y Fang, B Liao, X Wang, J Fang, J Qi - Advances in , 2021 - proceedings.neurips.cc","Advances in ¡¦","2021"
"Fsce: Few-shot object detection via contrastive proposal encoding","B Sun, B Li, S Cai, Y Yuan - Proceedings of the IEEE , 2021 - openaccess.thecvf.com","Proceedings of the IEEE ¡¦","2021"
"Deep learning for anomaly detection: A review","G Pang, C Shen, L Cao, AVD Hengel - ACM computing surveys (CSUR), 2021 - dl.acm.org","ACM computing surveys (CSUR)","2021"
"Mpvit: Multi-path vision transformer for dense prediction","Y Lee, J Kim, J Willette - Proceedings of the IEEE , 2022 - openaccess.thecvf.com","Proceedings of the IEEE ¡¦","2022"
"Explainable deep learning for efficient and robust pattern recognition: A survey of recent developments","X Bai, X Wang, X Liu, Q Liu, J Song, N Sebe, B Kim - Pattern Recognition, 2021 - Elsevier","Pattern Recognition","2021"
"Data augmentation can improve robustness","SA Rebuffi, S Gowal, DA Calian - Advances in , 2021 - proceedings.neurips.cc","Advances in ¡¦","2021"
"Accuracy on the line: on the strong correlation between out-of-distribution and in-distribution generalization","JP Miller, R Taori, A Raghunathan - International , 2021 - proceedings.mlr.press","International ¡¦","2021"
"Detco: Unsupervised contrastive learning for object detection","E Xie, J Ding, W Wang, X Zhan, H Xu - Proceedings of the , 2021 - openaccess.thecvf.com","Proceedings of the ¡¦","2021"
"Understanding self-supervised learning dynamics without contrastive pairs","Y Tian, X Chen, S Ganguli - International Conference on , 2021 - proceedings.mlr.press","International Conference on ¡¦","2021"
"Lite-hrnet: A lightweight high-resolution network","C Yu, B Xiao, C Gao, L Yuan, L Zhang - Proceedings of the , 2021 - openaccess.thecvf.com","Proceedings of the ¡¦","2021"
"Application of deep learning algorithms in geotechnical engineering: a short critical review","W Zhang, H Li, Y Li, H Liu, Y Chen, X Ding - Artificial Intelligence Review, 2021 - Springer","Artificial Intelligence Review","2021"
"A survey and performance evaluation of deep learning methods for small object detection","Y Liu, P Sun, N Wergeles, Y Shang - Expert Systems with Applications, 2021 - Elsevier","Expert Systems with Applications","2021"
" Metabolomic profiles predict individual multidisease outcomes","T Buergel, J Steinfeldt, G Ruyoga, M Pietzner - Nature Medicine, 2022 - nature.com","Nature Medicine","2022"
" Recent advances in end-to-end automatic speech recognition","J Li - APSIPA Transactions on Signal and Information , 2022 - nowpublishers.com","APSIPA Transactions on Signal and Information ¡¦","2022"
"The many faces of robustness: A critical analysis of out-of-distribution generalization","D Hendrycks, S Basart, N Mu - Proceedings of the , 2021 - openaccess.thecvf.com","Proceedings of the ¡¦","2021"
"Underwater image enhancement via medium transmission-guided multi-color space embedding","C Li, S Anwar, J Hou, R Cong, C Guo - IEEE Transactions on , 2021 - ieeexplore.ieee.org","IEEE Transactions on ¡¦","2021"
"Dytox: Transformers for continual learning with dynamic token expansion","A Douillard, A Ramé, G Couairon - Proceedings of the , 2022 - openaccess.thecvf.com","Proceedings of the ¡¦","2022"
"NVAE: A deep hierarchical variational autoencoder","A Vahdat, J Kautz - Advances in neural information , 2020 - proceedings.neurips.cc","Advances in neural information ¡¦","2020"
"Unsupervised learning of visual features by contrasting cluster assignments","M Caron, I Misra, J Mairal, P Goyal - Advances in neural , 2020 - proceedings.neurips.cc","Advances in neural ¡¦","2020"
"Big self-supervised models are strong semi-supervised learners","T Chen, S Kornblith, K Swersky - Advances in neural , 2020 - proceedings.neurips.cc","Advances in neural ¡¦","2020"
"Omnivore: A single model for many visual modalities","R Girdhar, M Singh, N Ravi - Proceedings of the , 2022 - openaccess.thecvf.com","Proceedings of the ¡¦","2022"
" Bootstrap your own latent-a new approach to self-supervised learning","JB Grill, F Strub, F Altché, C Tallec - Advances in neural , 2020 - proceedings.neurips.cc","Advances in neural ¡¦","2020"
"Dab-detr: Dynamic anchor boxes are better queries for detr","S Liu, F Li, H Zhang, X Yang, X Qi, H Su, J Zhu - arXiv preprint arXiv , 2022 - arxiv.org","arXiv preprint arXiv ¡¦","2022"
"A large-scale study on unsupervised spatiotemporal representation learning","C Feichtenhofer, H Fan, B Xiong - Proceedings of the , 2021 - openaccess.thecvf.com","Proceedings of the ¡¦","2021"
"FAT-Net: Feature adaptive transformers for automated skin lesion segmentation","H Wu, S Chen, G Chen, W Wang, B Lei, Z Wen - Medical image analysis, 2022 - Elsevier","Medical image analysis","2022"
"In search of lost domain generalization","I Gulrajani, D Lopez-Paz - arXiv preprint arXiv:2007.01434, 2020 - arxiv.org","arXiv preprint arXiv:2007.01434","2020"
" Earthquake transformer—an attentive deep-learning model for simultaneous earthquake detection and phase picking","SM Mousavi, WL Ellsworth, W Zhu, LY Chuang - Nature , 2020 - nature.com","Nature ¡¦","2020"
"Openood: Benchmarking generalized out-of-distribution detection","J Yang, P Wang, D Zou, Z Zhou - Advances in , 2022 - proceedings.neurips.cc","Advances in ¡¦","2022"
"Knowledge distillation: A survey","J Gou, B Yu, SJ Maybank, D Tao - International Journal of Computer Vision, 2021 - Springer","International Journal of Computer Vision","2021"
"COVID-19 artificial intelligence diagnosis using only cough recordings","J Laguarta, F Hueto, B Subirana - IEEE Open Journal of , 2020 - ieeexplore.ieee.org","IEEE Open Journal of ¡¦","2020"
"Spatial-temporal fusion graph neural networks for traffic flow forecasting","M Li, Z Zhu - Proceedings of the AAAI conference on artificial , 2021 - ojs.aaai.org","Proceedings of the AAAI conference on artificial ¡¦","2021"
"Self-supervised learning: Generative or contrastive","X Liu, F Zhang, Z Hou, L Mian, Z Wang - IEEE transactions on , 2021 - ieeexplore.ieee.org","IEEE transactions on ¡¦","2021"
"Domain adaptation for medical image analysis: a survey","H Guan, M Liu - IEEE Transactions on Biomedical Engineering, 2021 - ieeexplore.ieee.org","IEEE Transactions on Biomedical Engineering","2021"
"Omnivl: One foundation model for image-language and video-language tasks","J Wang, D Chen, Z Wu, C Luo, L Zhou - Advances in neural , 2022 - proceedings.neurips.cc","Advances in neural ¡¦","2022"
"Datasetgan: Efficient labeled data factory with minimal human effort","Y Zhang, H Ling, J Gao, K Yin - Proceedings of the , 2021 - openaccess.thecvf.com","Proceedings of the ¡¦","2021"
" Transfer learning for medical image classification: a literature review","HE Kim, A Cosa-Linan, N Santhanam, M Jannesari - BMC medical , 2022 - Springer","BMC medical ¡¦","2022"
"Anti-backdoor learning: Training clean models on poisoned data","Y Li, X Lyu, N Koren, L Lyu, B Li - Advances in Neural , 2021 - proceedings.neurips.cc","Advances in Neural ¡¦","2021"
"Conservative q-learning for offline reinforcement learning","A Kumar, A Zhou, G Tucker - Advances in Neural , 2020 - proceedings.neurips.cc","Advances in Neural ¡¦","2020"
"Plant leaf disease classification using EfficientNet deep learning model","Ü Atila, M Uçar, K Akyol, E Uçar - Ecological Informatics, 2021 - Elsevier","Ecological Informatics","2021"
"Learning high-precision bounding box for rotated object detection via kullback-leibler divergence","X Yang, X Yang, J Yang, Q Ming - Advances in , 2021 - proceedings.neurips.cc","Advances in ¡¦","2021"
"Ds-transunet: Dual swin transformer u-net for medical image segmentation","A Lin, B Chen, J Xu, Z Zhang, G Lu - IEEE Transactions on , 2022 - ieeexplore.ieee.org","IEEE Transactions on ¡¦","2022"
"Varifocalnet: An iou-aware dense object detector","H Zhang, Y Wang, F Dayoub - Proceedings of the , 2021 - openaccess.thecvf.com","Proceedings of the ¡¦","2021"
"Navigating to objects in the real world","T Gervet, S Chintala, D Batra, J Malik, DS Chaplot - Science Robotics, 2023 - science.org","Science Robotics","2023"
"Simple and deep graph convolutional networks","M Chen, Z Wei, Z Huang, B Ding -  conference on machine , 2020 - proceedings.mlr.press","¡¦ conference on machine ¡¦","2020"
"End-to-end object detection with transformers","N Carion, F Massa, G Synnaeve, N Usunier - European conference on , 2020 - Springer","European conference on ¡¦","2020"
"Empowering things with intelligence: a survey of the progress, challenges, and opportunities in artificial intelligence of things","J Zhang, D Tao - IEEE Internet of Things Journal, 2020 - ieeexplore.ieee.org","IEEE Internet of Things Journal","2020"
"Walk in the cloud: Learning curves for point clouds shape analysis","T Xiang, C Zhang, Y Song, J Yu - Proceedings of the , 2021 - openaccess.thecvf.com","Proceedings of the ¡¦","2021"
"Fruit detection and positioning technology for a Camellia oleifera C. Abel orchard based on improved YOLOv4-tiny model and binocular stereo vision","Y Tang, H Zhou, H Wang, Y Zhang - Expert systems with applications, 2023 - Elsevier","Expert systems with applications","2023"
"Seeing out of the box: End-to-end pre-training for vision-language representation learning","Z Huang, Z Zeng, Y Huang, B Liu - Proceedings of the , 2021 - openaccess.thecvf.com","Proceedings of the ¡¦","2021"
"Anomaly detection via reverse distillation from one-class embedding","H Deng, X Li - Proceedings of the IEEE/CVF Conference on , 2022 - openaccess.thecvf.com","Proceedings of the IEEE/CVF Conference on ¡¦","2022"
"Dual-stream multiple instance learning network for whole slide image classification with self-supervised contrastive learning","B Li, Y Li, KW Eliceiri -  of the IEEE/CVF conference on , 2021 - openaccess.thecvf.com","¡¦ of the IEEE/CVF conference on ¡¦","2021"
"Keeping your eye on the ball: Trajectory attention in video transformers","M Patrick, D Campbell, Y Asano - Advances in neural , 2021 - proceedings.neurips.cc","Advances in neural ¡¦","2021"
" Combustion machine learning: Principles, progress and prospects","M Ihme, WT Chung, AA Mishra - Progress in Energy and Combustion , 2022 - Elsevier","Progress in Energy and Combustion ¡¦","2022"
"Contrastive learning of medical visual representations from paired images and text","Y Zhang, H Jiang, Y Miura - Machine Learning , 2022 - proceedings.mlr.press","Machine Learning ¡¦","2022"
"Model adaptation: Historical contrastive learning for unsupervised domain adaptation without source data","J Huang, D Guan, A Xiao, S Lu - Advances in Neural , 2021 - proceedings.neurips.cc","Advances in Neural ¡¦","2021"
"Vitaev2: Vision transformer advanced by exploring inductive bias for image recognition and beyond","Q Zhang, Y Xu, J Zhang, D Tao - International Journal of Computer Vision, 2023 - Springer","International Journal of Computer Vision","2023"
"What makes for good views for contrastive learning?","Y Tian, C Sun, B Poole, D Krishnan - Advances in neural , 2020 - proceedings.neurips.cc","Advances in neural ¡¦","2020"
"Parametric contrastive learning","J Cui, Z Zhong, S Liu, B Yu - Proceedings of the IEEE , 2021 - openaccess.thecvf.com","Proceedings of the IEEE ¡¦","2021"
"A survey on performance metrics for object-detection algorithms","R Padilla, SL Netto, EAB Da Silva -  international conference on , 2020 - ieeexplore.ieee.org","¡¦ international conference on ¡¦","2020"
"How much can clip benefit vision-and-language tasks?","S Shen, LH Li, H Tan, M Bansal, A Rohrbach - arXiv preprint arXiv , 2021 - arxiv.org","arXiv preprint arXiv ¡¦","2021"
"Robustbench: a standardized adversarial robustness benchmark","F Croce, M Andriushchenko, V Sehwag - arXiv preprint arXiv , 2020 - arxiv.org","arXiv preprint arXiv ¡¦","2020"
"Editgan: High-precision semantic image editing","H Ling, K Kreis, D Li, SW Kim - Advances in Neural , 2021 - proceedings.neurips.cc","Advances in Neural ¡¦","2021"
"Towards real-world blind face restoration with generative facial prior","X Wang, Y Li, H Zhang, Y Shan - Proceedings of the IEEE , 2021 - openaccess.thecvf.com","Proceedings of the IEEE ¡¦","2021"
"Face mask wearing detection algorithm based on improved YOLO-v4","J Yu, W Zhang - Sensors, 2021 - mdpi.com","Sensors","2021"
"Nerfdiff: Single-image view synthesis with nerf-guided distillation from 3d-aware diffusion","J Gu, A Trevithick, KE Lin, JM Susskind - International , 2023 - proceedings.mlr.press","International ¡¦","2023"
"U2-Net: Going deeper with nested U-structure for salient object detection","X Qin, Z Zhang, C Huang, M Dehghan, OR Zaiane - Pattern recognition, 2020 - Elsevier","Pattern recognition","2020"
"Plug-and-play image restoration with deep denoiser prior","K Zhang, Y Li, W Zuo, L Zhang -  on Pattern Analysis , 2021 - ieeexplore.ieee.org","¡¦ on Pattern Analysis ¡¦","2021"
"Mask dino: Towards a unified transformer-based framework for object detection and segmentation","F Li, H Zhang, H Xu, S Liu, L Zhang - Proceedings of the , 2023 - openaccess.thecvf.com","Proceedings of the ¡¦","2023"
"Learning texture transformer network for image super-resolution","F Yang, H Yang, J Fu, H Lu - Proceedings of the IEEE , 2020 - openaccess.thecvf.com","Proceedings of the IEEE ¡¦","2020"
"Co2l: Contrastive continual learning","H Cha, J Lee, J Shin - Proceedings of the IEEE/CVF , 2021 - openaccess.thecvf.com","Proceedings of the IEEE/CVF ¡¦","2021"
"Fairface: Face attribute dataset for balanced race, gender, and age for bias measurement and mitigation","K Karkkainen, J Joo - Proceedings of the IEEE/CVF winter , 2021 - openaccess.thecvf.com","Proceedings of the IEEE/CVF winter ¡¦","2021"
" Deep Learning applications for COVID-19","C Shorten, TM Khoshgoftaar, B Furht - Journal of big Data, 2021 - Springer","Journal of big Data","2021"
"Sa-net: Shuffle attention for deep convolutional neural networks","QL Zhang, YB Yang - ICASSP 2021-2021 IEEE International , 2021 - ieeexplore.ieee.org","ICASSP 2021-2021 IEEE International ¡¦","2021"
"History aware multimodal transformer for vision-and-language navigation","S Chen, PL Guhur, C Schmid - Advances in neural , 2021 - proceedings.neurips.cc","Advances in neural ¡¦","2021"
"Federated learning based on dynamic regularization","DAE Acar, Y Zhao, RM Navarro, M Mattina - arXiv preprint arXiv , 2021 - arxiv.org","arXiv preprint arXiv ¡¦","2021"
"Distilling knowledge via knowledge review","P Chen, S Liu, H Zhao, J Jia - Proceedings of the IEEE/CVF , 2021 - openaccess.thecvf.com","Proceedings of the IEEE/CVF ¡¦","2021"
"Automated detection of COVID-19 cases using deep neural networks with X-ray images","T Ozturk, M Talo, EA Yildirim, UB Baloglu - Computers in biology , 2020 - Elsevier","Computers in biology ¡¦","2020"
"Multi-task learning with deep neural networks: A survey","M Crawshaw - arXiv preprint arXiv:2009.09796, 2020 - arxiv.org","arXiv preprint arXiv:2009.09796","2020"
"Anchor detr: Query design for transformer-based detector","Y Wang, X Zhang, T Yang, J Sun -  of the AAAI conference on artificial , 2022 - ojs.aaai.org","¡¦ of the AAAI conference on artificial ¡¦","2022"
"Rethinking pre-training and self-training","B Zoph, G Ghiasi, TY Lin, Y Cui, H Liu - Advances in neural , 2020 - proceedings.neurips.cc","Advances in neural ¡¦","2020"
"Defrcn: Decoupled faster r-cnn for few-shot object detection","L Qiao, Y Zhao, Z Li, X Qiu, J Wu - Proceedings of the , 2021 - openaccess.thecvf.com","Proceedings of the ¡¦","2021"
"Supervised contrastive learning","P Khosla, P Teterwak, C Wang - Advances in neural , 2020 - proceedings.neurips.cc","Advances in neural ¡¦","2020"
"Spatiotemporal contrastive video representation learning","R Qian, T Meng, B Gong, MH Yang - Proceedings of the , 2021 - openaccess.thecvf.com","Proceedings of the ¡¦","2021"
" Multimodal neurons in artificial neural networks","G Goh, N Cammarata, C Voss, S Carter, M Petrov - Distill, 2021 - distill.pub","Distill","2021"
"Cotr: Efficiently bridging cnn and transformer for 3d medical image segmentation","Y Xie, J Zhang, C Shen, Y Xia -  , France, September 27–October 1, 2021 , 2021 - Springer","¡¦ , France, September 27–October 1, 2021 ¡¦","2021"
"Transfg: A transformer architecture for fine-grained recognition","J He, JN Chen, S Liu, A Kortylewski, C Yang - Proceedings of the , 2022 - ojs.aaai.org","Proceedings of the ¡¦","2022"
"Gmflow: Learning optical flow via global matching","H Xu, J Zhang, J Cai - Proceedings of the , 2022 - openaccess.thecvf.com","Proceedings of the ¡¦","2022"
"Exploiting dynamic spatio-temporal graph convolutional neural networks for citywide traffic flows prediction","A Ali, Y Zhu, M Zakarya - Neural networks, 2022 - Elsevier","Neural networks","2022"
"Object-centric learning with slot attention","F Locatello, D Weissenborn - Advances in , 2020 - proceedings.neurips.cc","Advances in ¡¦","2020"
"Spatial-phase shallow learning: rethinking face forgery detection in frequency domain","H Liu, X Li, W Zhou, Y Chen, Y He - Proceedings of the , 2021 - openaccess.thecvf.com","Proceedings of the ¡¦","2021"
"A review of deep learning in medical imaging: Imaging traits, technology trends, case studies with progress highlights, and future promises","SK Zhou, H Greenspan, C Davatzikos - Proceedings of the , 2021 - ieeexplore.ieee.org","Proceedings of the ¡¦","2021"
"Accelerating 3d deep learning with pytorch3d","N Ravi, J Reizenstein, D Novotny, T Gordon - arXiv preprint arXiv , 2020 - arxiv.org","arXiv preprint arXiv ¡¦","2020"
"Ecapa-tdnn: Emphasized channel attention, propagation and aggregation in tdnn based speaker verification","B Desplanques, J Thienpondt, K Demuynck - arXiv preprint arXiv , 2020 - arxiv.org","arXiv preprint arXiv ¡¦","2020"
"Learning an animatable detailed 3D face model from in-the-wild images","Y Feng, H Feng, MJ Black, T Bolkart - ACM Transactions on Graphics , 2021 - dl.acm.org","ACM Transactions on Graphics ¡¦","2021"
"Tdn: Temporal difference networks for efficient action recognition","L Wang, Z Tong, B Ji, G Wu - Proceedings of the IEEE/CVF , 2021 - openaccess.thecvf.com","Proceedings of the IEEE/CVF ¡¦","2021"
"Attention is not all you need: Pure attention loses rank doubly exponentially with depth","Y Dong, JB Cordonnier -  Conference on Machine , 2021 - proceedings.mlr.press","¡¦ Conference on Machine ¡¦","2021"
"Tomato plant disease detection using transfer learning with C-GAN synthetic images","A Abbas, S Jain, M Gour, S Vankudothu - Computers and Electronics in , 2021 - Elsevier","Computers and Electronics in ¡¦","2021"
"Application of deep learning techniques for detection of COVID-19 cases using chest X-ray images: A comprehensive study","SR Nayak, DR Nayak, U Sinha, V Arora -  Signal Processing and , 2021 - Elsevier","¡¦ Signal Processing and ¡¦","2021"
"Adaptive prototype learning and allocation for few-shot segmentation","G Li, V Jampani, L Sevilla-Lara - Proceedings of the , 2021 - openaccess.thecvf.com","Proceedings of the ¡¦","2021"
"Open graph benchmark: Datasets for machine learning on graphs","W Hu, M Fey, M Zitnik, Y Dong, H Ren - Advances in neural , 2020 - proceedings.neurips.cc","Advances in neural ¡¦","2020"
"Camouflaged object segmentation with distraction mining","H Mei, GP Ji, Z Wei, X Yang, X Wei - Proceedings of the , 2021 - openaccess.thecvf.com","Proceedings of the ¡¦","2021"
"Resnest: Split-attention networks","H Zhang, C Wu, Z Zhang, Y Zhu, H Lin - Proceedings of the , 2022 - openaccess.thecvf.com","Proceedings of the ¡¦","2022"
"Application of deep learning technique to manage COVID-19 in routine clinical practice using CT images: Results of 10 convolutional neural networks","AA Ardakani, AR Kanafi, UR Acharya - Computers in biology , 2020 - Elsevier","Computers in biology ¡¦","2020"
"Attentional feature fusion","Y Dai, F Gieseke, S Oehmcke, Y Wu - Proceedings of the , 2021 - openaccess.thecvf.com","Proceedings of the ¡¦","2021"
"Ensemble distillation for robust model fusion in federated learning","T Lin, L Kong, SU Stich, M Jaggi - Advances in Neural , 2020 - proceedings.neurips.cc","Advances in Neural ¡¦","2020"
"Crypten: Secure multi-party computation meets machine learning","B Knott, S Venkataraman, A Hannun - Advances in , 2021 - proceedings.neurips.cc","Advances in ¡¦","2021"
"Long-tailed classification by keeping the good and removing the bad momentum causal effect","K Tang, J Huang, H Zhang - Advances in Neural , 2020 - proceedings.neurips.cc","Advances in Neural ¡¦","2020"
"Padim: a patch distribution modeling framework for anomaly detection and localization","T Defard, A Setkov, A Loesch, R Audigier - International Conference on , 2021 - Springer","International Conference on ¡¦","2021"
